program_name,branch_coverage
/cfiles32/array-cav19/array_doub_access_init_const.c,62.5
/cfiles32/array-cav19/array_init_both_ends_multiple_sum.c,70.0
/cfiles32/array-cav19/array_init_pair_symmetr.c,30.0
/cfiles32/array-cav19/array_min_and_copy_shift_sum_add.c,91.67
/cfiles32/array-crafted/bor1.i,77.78
/cfiles32/array-crafted/zero_sum2.c,81.25
/cfiles32/array-crafted/zero_sum_const2.c,81.25
/cfiles32/array-crafted/zero_sum_const5.c,89.29
/cfiles32/array-crafted/zero_sum_m5.c,89.29
/cfiles32/array-examples/data_structures_set_multi_proc_ground-2.i,4.35
/cfiles32/array-examples/sanfoundry_02_ground.i,6.25
/cfiles32/array-examples/sanfoundry_10_ground.c,6.25
/cfiles32/array-examples/standard_copyInitSum_ground.i,81.82
/cfiles32/array-examples/standard_init1_ground-2.i,71.43
/cfiles32/array-examples/standard_partial_init_ground.i,7.69
/cfiles32/array-examples/standard_vararg_ground.i,11.11
/cfiles32/array-fpi/brs1.c,92.31
/cfiles32/array-fpi/brs1f.c,92.31
/cfiles32/array-fpi/brs3.c,92.86
/cfiles32/array-fpi/condm.c,92.86
/cfiles32/array-fpi/condmf.c,85.71
/cfiles32/array-fpi/eqn1.c,91.67
/cfiles32/array-fpi/eqn2.c,91.67
/cfiles32/array-fpi/eqn3.c,91.67
/cfiles32/array-fpi/res1o.c,92.86
/cfiles32/array-fpi/s2lif.c,85.71
/cfiles32/array-fpi/s52if.c,81.25
/cfiles32/array-fpi/s5if.c,83.33
/cfiles32/array-industry-pattern/array_of_struct_ptr_flag_init.i,61.54
/cfiles32/array-industry-pattern/array_of_struct_ptr_monotonic.i,27.27
/cfiles32/array-industry-pattern/array_of_struct_ptr_mul_init.i,45.45000000000001
/cfiles32/array-industry-pattern/array_of_struct_single_elem_init.i,27.27
/cfiles32/array-industry-pattern/array_ptr_single_elem_init-1.i,40.0
/cfiles32/array-industry-pattern/array_single_elem_init.i,46.669999999999995
/cfiles32/array-lopstr16/break-1.i,72.73
/cfiles32/array-lopstr16/break-2.i,81.82
/cfiles32/array-lopstr16/flag_loopdep.i,61.54
/cfiles32/array-lopstr16/flag_loopdep_simple.i,7.69
/cfiles32/array-lopstr16/scalar_loopdep.i,71.43
/cfiles32/array-lopstr16/single_elem_safe.i,40.0
/cfiles32/array-patterns/array1_pattern.c,91.67
/cfiles32/array-patterns/array8_pattern.c,92.86
/cfiles32/array-patterns/array9_pattern.c,92.86
/cfiles32/array-programs/partial_mod_count_1.c,90.0
/cfiles32/array-programs/partial_mod_count_2.c,90.0
/cfiles32/array-programs/partial_mod_count_3.c,90.0
/cfiles32/array-programs/partial_mod_count_4.c,90.0
/cfiles32/array-programs/partial_mod_count_5.c,90.0
/cfiles32/array-programs/partial_mod_count_limited_1.c,92.86
/cfiles32/array-programs/partial_mod_count_limited_3.c,92.86
/cfiles32/array-programs/partial_mod_count_limited_5.c,92.86
/cfiles32/array-tiling/mlceu.c,88.88666666666666
/cfiles32/array-tiling/pnr4.c,90.0
/cfiles32/array-tiling/revcpyswp2.c,81.25
/cfiles32/array-tiling/rew.c,75.0
/cfiles32/array-tiling/rewnif.c,75.0
/cfiles32/array-tiling/rewnifrev.c,75.0
/cfiles32/array-tiling/rewnifrev2.c,70.0
/cfiles32/array-tiling/rewrev.c,75.0
/cfiles32/array-tiling/skipped.c,88.89
/cfiles32/array-tiling/skippedu.c,90.74000000000001
/cfiles32/array-tiling/tcpy.c,85.71
/cfiles32/bitvector-regression/implicitunsignedconversion-2.c,50.0
/cfiles32/bitvector/gcd_1.c,70.0
/cfiles32/bitvector/s3_srvr_3.BV.c.cil.c,79.52999999999999
/cfiles32/bitvector/soft_float_4-1.c.cil.c,59.09
/cfiles32/combinations/Problem05_label43+token_ring.13.cil-1.c,51.583333333333336
/cfiles32/combinations/Problem05_label49+token_ring.13.cil-1.c,50.72666666666667
/cfiles32/eca-rers2012/Problem01_label00.c,56.77
/cfiles32/eca-rers2012/Problem01_label57.c,56.77
/cfiles32/eca-rers2012/Problem01_label58.c,56.77
/cfiles32/eca-rers2012/Problem01_label59.c,56.77
/cfiles32/eca-rers2012/Problem02_label21.c,30.320000000000004
/cfiles32/eca-rers2012/Problem02_label22.c,30.320000000000004
/cfiles32/eca-rers2012/Problem02_label23.c,30.320000000000004
/cfiles32/eca-rers2012/Problem02_label44.c,30.320000000000004
/cfiles32/eca-rers2012/Problem02_label45.c,30.320000000000004
/cfiles32/eca-rers2012/Problem02_label46.c,30.320000000000004
/cfiles32/eca-rers2012/Problem02_label47.c,30.320000000000004
/cfiles32/eca-rers2012/Problem03_label05.c,46.96
/cfiles32/eca-rers2012/Problem03_label06.c,46.96
/cfiles32/eca-rers2012/Problem10_label50.c,77.11
/cfiles32/eca-rers2012/Problem10_label51.c,77.11
/cfiles32/eca-rers2012/Problem11_label25.c,56.830000000000005
/cfiles32/eca-rers2012/Problem11_label26.c,56.830000000000005
/cfiles32/eca-rers2012/Problem11_label27.c,56.830000000000005
/cfiles32/eca-rers2012/Problem11_label35.c,56.830000000000005
/cfiles32/eca-rers2012/Problem14_label53.c,85.0
/cfiles32/eca-rers2012/Problem14_label54.c,85.0
/cfiles32/eca-rers2012/Problem16_label06.c,89.51333333333334
/cfiles32/eca-rers2012/Problem16_label07.c,83.03333333333335
/cfiles32/float-benchs/Muller_Kahan.c,75.0
/cfiles32/float-benchs/Rump_float.c,50.0
/cfiles32/float-benchs/sin_interpolated_bigrange_loose.c,86.66666666666667
/cfiles32/float-newlib/double_req_bl_0220a.c,3.5499999999999994
/cfiles32/float-newlib/double_req_bl_0220b.c,3.5499999999999994
/cfiles32/float-newlib/double_req_bl_0660b.c,8.923333333333334
/cfiles32/float-newlib/double_req_bl_0876.c,8.2
/cfiles32/float-newlib/double_req_bl_0970b.c,13.160000000000002
/cfiles32/float-newlib/double_req_bl_1031.c,21.05
/cfiles32/float-newlib/float_req_bl_0240a.c,1.63
/cfiles32/float-newlib/float_req_bl_0240b.c,1.63
/cfiles32/float-newlib/float_req_bl_0660a.c,5.239999999999999
/cfiles32/float-newlib/float_req_bl_0661a.c,9.049999999999999
/cfiles32/float-newlib/float_req_bl_0661b.c,14.29
/cfiles32/float-newlib/float_req_bl_1231.c,5.26
/cfiles32/floats-cbmc-regression/float-no-simp1.c,50.0
/cfiles32/floats-cbmc-regression/float-to-double1.i,20.0
/cfiles32/floats-cbmc-regression/float2.c,50.0
/cfiles32/floats-cdfpl/newton_1_1.i,60.0
/cfiles32/floats-cdfpl/newton_2_3.i,60.0
/cfiles32/floats-cdfpl/sine_4.i,60.0
/cfiles32/floats-esbmc-regression/Double_div.i.p+cfa-reducer.c,75.0
/cfiles32/floats-esbmc-regression/Float_div.i,60.0
/cfiles32/floats-esbmc-regression/digits_for.c,75.0
/cfiles32/ldv-regression/fo_test.i,50.0
/cfiles32/ldv-regression/test10.c,50.0
/cfiles32/ldv-regression/test22-2.c,79.16666666666667
/cfiles32/ldv-regression/test_overflow.i,50.0
/cfiles32/ldv-regression/test_union.c_1.i,50.0
/cfiles32/ldv-regression/volatile_alias.i,50.0
/cfiles32/list-ext-properties/960521-1_1-1.i,77.78
/cfiles32/list-ext-properties/test-0504_1.i,76.47
/cfiles32/list-ext-properties/test-0513_1.i,82.14
/cfiles32/list-ext3-properties/dll_circular_traversal-1.i,61.54
/cfiles32/list-ext3-properties/dll_circular_traversal-2.i,61.54
/cfiles32/list-properties/list_search-2.i,80.0
/cfiles32/list-simple/dll2c_append_equal.i,61.10999999999999
/cfiles32/list-simple/dll2c_append_unequal.i,60.0
/cfiles32/list-simple/sll2n_update_all_reverse.i,82.35
/cfiles32/loop-acceleration/array_1-2.c,75.0
/cfiles32/loop-acceleration/simple_1-2_abstracted.c,50.0
/cfiles32/loop-crafted/simple_array_index_value_1-1.i,77.78
/cfiles32/loop-crafted/simple_array_index_value_1-2.i,44.44
/cfiles32/loop-crafted/simple_array_index_value_3.i,55.56
/cfiles32/loop-crafted/simple_array_index_value_4.i.v+nlh-reducer.c,3.1199999999999997
/cfiles32/loop-floats-scientific-comp/loop2-2.c,80.0
/cfiles32/loop-industry-pattern/aiob_4.c.v+lh-reducer.c,9.09
/cfiles32/loop-industry-pattern/ofuf_3.c,1.39
/cfiles32/loop-invariants/linear-inequality-inv-a.c,33.333333333333336
/cfiles32/loop-invgen/fragtest_simple.i,73.33
/cfiles32/loop-invgen/nest-if3.i,64.71
/cfiles32/loop-lit/hhk2008.i,57.580000000000005
/cfiles32/loop-lit/mine2017-ex4.10.i,60.0
/cfiles32/loop-lit/mine2017-ex4.7.i,11.11
/cfiles32/loop-new/count_by_1.i,42.85999999999999
/cfiles32/loop-new/count_by_2.i,42.85999999999999
/cfiles32/loop-new/half.i,63.64000000000001
/cfiles32/loop-new/nested-1.i,7.69
/cfiles32/loop-simple/nested_2.c,83.33
/cfiles32/loop-simple/nested_3.c,87.5
/cfiles32/loop-simple/nested_5.c,91.67
/cfiles32/loops-crafted-1/in-de61.c,0.0
/cfiles32/loops-crafted-1/sumt2.c,70.0
/cfiles32/loops-crafted-1/watermelon.c,6.25
/cfiles32/nla-digbench-scaling/cohendiv-ll_valuebound20.c,91.67
/cfiles32/nla-digbench-scaling/geo2-ll_valuebound2.c,87.5
/cfiles32/nla-digbench/cohendiv-ll.c,91.67
/cfiles32/nla-digbench/cohendiv.c,91.67
/cfiles32/nla-digbench/geo3.c,0.0
/cfiles32/nla-digbench/lcm2.c,90.0
/cfiles32/ntdrivers-simplified/cdaudio_simpl1.cil-2.c,42.166666666666664
/cfiles32/ntdrivers-simplified/floppy_simpl3.cil-1.c,74.77
/cfiles32/ntdrivers-simplified/floppy_simpl3.cil-2.c,72.01
/cfiles32/ntdrivers-simplified/kbfiltr_simpl2.cil-1.c,50.666666666666664
/cfiles32/ntdrivers/diskperf.i.cil-1.c,25.8
/cfiles32/openssl-simplified/s3_clnt_2.cil-1.c,76.75999999999999
/cfiles32/openssl-simplified/s3_clnt_3.cil-3.c,76.0
/cfiles32/openssl-simplified/s3_srvr_8.cil.c,63.64000000000001
/cfiles32/openssl/s3_srvr.blast.07.i.cil-1.c,74.72333333333333
/cfiles32/openssl/s3_srvr.blast.09.i.cil-1.c,74.56666666666666
/cfiles32/openssl/s3_srvr.blast.15.i.cil-2.c,68.79666666666667
/cfiles32/product-lines/elevator_spec1_product01.cil.c,33.64
/cfiles32/product-lines/email_spec0_product05.cil.c,15.13
/cfiles32/product-lines/email_spec11_product07.cil.c,18.41
/cfiles32/psyco/psyco_abp_1-1.c,68.5
/cfiles32/psyco/psyco_abp_1-2.c,68.01666666666667
/cfiles32/psyco/psyco_abp_1-3.c,68.01666666666667
/cfiles32/recursive-simple/fibo_10-2.c,80.0
/cfiles32/recursive-simple/fibo_2calls_10-1.c,87.5
