category,program_name
1.0,cfiles32/array-cav19/array_doub_access_init_const.c
1.0,cfiles32/array-cav19/array_init_both_ends_multiple_sum.c
1.0,cfiles32/array-cav19/array_init_pair_symmetr.c
1.0,cfiles32/array-cav19/array_init_var_plus_ind.c
1.0,cfiles32/array-cav19/array_min_and_copy_shift_sum_add.c
1.0,cfiles32/array-crafted/bor1.i
1.0,cfiles32/array-crafted/xor3.i
1.0,cfiles32/array-crafted/zero_sum2.c
1.0,cfiles32/array-crafted/zero_sum_const2.c
1.0,cfiles32/array-crafted/zero_sum_const5.c
1.0,cfiles32/array-crafted/zero_sum_m5.c
1.0,cfiles32/array-examples/data_structures_set_multi_proc_ground-2.i
1.0,cfiles32/array-examples/sanfoundry_02_ground.i
1.0,cfiles32/array-examples/sanfoundry_10_ground.c
1.0,cfiles32/array-examples/standard_copy4_ground-1.i
1.0,cfiles32/array-examples/standard_copyInitSum_ground.i
1.0,cfiles32/array-examples/standard_init1_ground-2.i
1.0,cfiles32/array-examples/standard_partial_init_ground.i
1.0,cfiles32/array-examples/standard_vararg_ground.i
1.0,cfiles32/array-fpi/brs1.c
1.0,cfiles32/array-fpi/brs1f.c
1.0,cfiles32/array-fpi/brs3.c
1.0,cfiles32/array-fpi/condm.c
1.0,cfiles32/array-fpi/condmf.c
1.0,cfiles32/array-fpi/eqn1.c
1.0,cfiles32/array-fpi/eqn2.c
1.0,cfiles32/array-fpi/eqn3.c
1.0,cfiles32/array-fpi/res1o.c
1.0,cfiles32/array-fpi/s2lif.c
1.0,cfiles32/array-fpi/s52if.c
1.0,cfiles32/array-fpi/s5if.c
1.0,cfiles32/array-industry-pattern/array_of_struct_ptr_flag_init.i
1.0,cfiles32/array-industry-pattern/array_of_struct_ptr_monotonic.i
1.0,cfiles32/array-industry-pattern/array_of_struct_ptr_mul_init.i
1.0,cfiles32/array-industry-pattern/array_of_struct_single_elem_init.i
1.0,cfiles32/array-industry-pattern/array_ptr_single_elem_init-1.i
1.0,cfiles32/array-industry-pattern/array_single_elem_init.i
1.0,cfiles32/array-lopstr16/break-1.i
1.0,cfiles32/array-lopstr16/break-2.i
1.0,cfiles32/array-lopstr16/flag_loopdep.i
1.0,cfiles32/array-lopstr16/flag_loopdep_simple.i
1.0,cfiles32/array-lopstr16/scalar_loopdep.i
1.0,cfiles32/array-lopstr16/single_elem_safe.i
1.0,cfiles32/array-patterns/array1_pattern.c
1.0,cfiles32/array-patterns/array8_pattern.c
1.0,cfiles32/array-patterns/array9_pattern.c
1.0,cfiles32/array-programs/partial_mod_count_1.c
1.0,cfiles32/array-programs/partial_mod_count_2.c
1.0,cfiles32/array-programs/partial_mod_count_3.c
1.0,cfiles32/array-programs/partial_mod_count_4.c
1.0,cfiles32/array-programs/partial_mod_count_5.c
1.0,cfiles32/array-programs/partial_mod_count_limited_1.c
1.0,cfiles32/array-programs/partial_mod_count_limited_3.c
1.0,cfiles32/array-programs/partial_mod_count_limited_5.c
1.0,cfiles32/array-tiling/mlceu.c
1.0,cfiles32/array-tiling/pnr4.c
1.0,cfiles32/array-tiling/revcpyswp2.c
1.0,cfiles32/array-tiling/rew.c
1.0,cfiles32/array-tiling/rewnif.c
1.0,cfiles32/array-tiling/rewnifrev.c
1.0,cfiles32/array-tiling/rewnifrev2.c
1.0,cfiles32/array-tiling/rewrev.c
1.0,cfiles32/array-tiling/skipped.c
1.0,cfiles32/array-tiling/skippedu.c
1.0,cfiles32/array-tiling/tcpy.c
2.0,cfiles32/bitvector-regression/implicitunsignedconversion-2.c
2.0,cfiles32/bitvector/gcd_1.c
2.0,cfiles32/bitvector/s3_srvr_3.BV.c.cil.c
2.0,cfiles32/bitvector/soft_float_4-1.c.cil.c
888.0,cfiles32/combinations/Problem05_label43+token_ring.13.cil-1.c
888.0,cfiles32/combinations/Problem05_label49+token_ring.13.cil-1.c
3.0,cfiles32/eca-rers2012/Problem01_label00.c
3.0,cfiles32/eca-rers2012/Problem01_label57.c
3.0,cfiles32/eca-rers2012/Problem01_label58.c
3.0,cfiles32/eca-rers2012/Problem01_label59.c
3.0,cfiles32/eca-rers2012/Problem02_label21.c
3.0,cfiles32/eca-rers2012/Problem02_label22.c
3.0,cfiles32/eca-rers2012/Problem02_label23.c
3.0,cfiles32/eca-rers2012/Problem02_label44.c
3.0,cfiles32/eca-rers2012/Problem02_label45.c
3.0,cfiles32/eca-rers2012/Problem02_label46.c
3.0,cfiles32/eca-rers2012/Problem02_label47.c
3.0,cfiles32/eca-rers2012/Problem03_label05.c
3.0,cfiles32/eca-rers2012/Problem03_label06.c
3.0,cfiles32/eca-rers2012/Problem10_label50.c
3.0,cfiles32/eca-rers2012/Problem10_label51.c
3.0,cfiles32/eca-rers2012/Problem11_label25.c
3.0,cfiles32/eca-rers2012/Problem11_label26.c
3.0,cfiles32/eca-rers2012/Problem11_label27.c
3.0,cfiles32/eca-rers2012/Problem11_label35.c
3.0,cfiles32/eca-rers2012/Problem14_label53.c
3.0,cfiles32/eca-rers2012/Problem14_label54.c
3.0,cfiles32/eca-rers2012/Problem16_label06.c
3.0,cfiles32/eca-rers2012/Problem16_label07.c
,cfiles32/float-benchs/Muller_Kahan.c
,cfiles32/float-benchs/Rump_float.c
,cfiles32/float-benchs/sin_interpolated_bigrange_loose.c
,cfiles32/float-newlib/double_req_bl_0220a.c
,cfiles32/float-newlib/double_req_bl_0220b.c
4.0,cfiles32/float-newlib/double_req_bl_0660b.c
4.0,cfiles32/float-newlib/double_req_bl_0876.c
,cfiles32/float-newlib/double_req_bl_0970b.c
,cfiles32/float-newlib/double_req_bl_1031.c
,cfiles32/float-newlib/float_req_bl_0240a.c
,cfiles32/float-newlib/float_req_bl_0240b.c
4.0,cfiles32/float-newlib/float_req_bl_0660a.c
,cfiles32/float-newlib/float_req_bl_0661a.c
4.0,cfiles32/float-newlib/float_req_bl_0661b.c
,cfiles32/float-newlib/float_req_bl_1231.c
,cfiles32/floats-cbmc-regression/float-no-simp1.c
,cfiles32/floats-cbmc-regression/float-to-double1.i
,cfiles32/floats-cbmc-regression/float2.c
,cfiles32/floats-cdfpl/newton_1_1.i
,cfiles32/floats-cdfpl/newton_2_3.i
,cfiles32/floats-cdfpl/sine_4.i
4.0,cfiles32/floats-esbmc-regression/Double_div.i.p+cfa-reducer.c
,cfiles32/floats-esbmc-regression/Float_div.i
4.0,cfiles32/floats-esbmc-regression/digits_for.c
,cfiles32/ldv-regression/fo_test.i
5.0,cfiles32/ldv-regression/test10.c
5.0,cfiles32/ldv-regression/test22-2.c
,cfiles32/ldv-regression/test_overflow.i
5.0,cfiles32/ldv-regression/test_union.c_1.i
,cfiles32/ldv-regression/volatile_alias.i
,cfiles32/list-ext-properties/960521-1_1-1.i
,cfiles32/list-ext-properties/test-0504_1.i
,cfiles32/list-ext-properties/test-0513_1.i
,cfiles32/list-ext3-properties/dll_circular_traversal-1.i
,cfiles32/list-ext3-properties/dll_circular_traversal-2.i
,cfiles32/list-properties/list_search-2.i
,cfiles32/list-simple/dll2c_append_equal.i
,cfiles32/list-simple/dll2c_append_unequal.i
,cfiles32/list-simple/sll2n_update_all_reverse.i
7.0,cfiles32/loop-acceleration/array_1-2.c
7.0,cfiles32/loop-acceleration/simple_1-2_abstracted.c
7.0,cfiles32/loop-crafted/simple_array_index_value_1-1.i
7.0,cfiles32/loop-crafted/simple_array_index_value_1-2.i
7.0,cfiles32/loop-crafted/simple_array_index_value_3.i
7.0,cfiles32/loop-crafted/simple_array_index_value_4.i.v+nlh-reducer.c
7.0,cfiles32/loop-floats-scientific-comp/loop2-2.c
7.0,cfiles32/loop-industry-pattern/aiob_4.c.v+lh-reducer.c
7.0,cfiles32/loop-industry-pattern/ofuf_3.c
7.0,cfiles32/loop-invariants/linear-inequality-inv-a.c
7.0,cfiles32/loop-invgen/fragtest_simple.i
7.0,cfiles32/loop-invgen/nest-if3.i
7.0,cfiles32/loop-lit/hhk2008.i
7.0,cfiles32/loop-lit/mine2017-ex4.10.i
7.0,cfiles32/loop-lit/mine2017-ex4.7.i
7.0,cfiles32/loop-new/count_by_1.i
7.0,cfiles32/loop-new/count_by_2.i
7.0,cfiles32/loop-new/half.i
7.0,cfiles32/loop-new/nested-1.i
7.0,cfiles32/loop-simple/nested_2.c
7.0,cfiles32/loop-simple/nested_3.c
7.0,cfiles32/loop-simple/nested_5.c
7.0,cfiles32/loops-crafted-1/in-de61.c
7.0,cfiles32/loops-crafted-1/sumt2.c
7.0,cfiles32/loops-crafted-1/watermelon.c
7.0,cfiles32/nla-digbench-scaling/cohendiv-ll_valuebound20.c
7.0,cfiles32/nla-digbench-scaling/geo2-ll_valuebound2.c
7.0,cfiles32/nla-digbench/cohendiv-ll.c
7.0,cfiles32/nla-digbench/cohendiv.c
7.0,cfiles32/nla-digbench/geo3.c
7.0,cfiles32/nla-digbench/lcm2.c
6.0,cfiles32/ntdrivers-simplified/cdaudio_simpl1.cil-2.c
6.0,cfiles32/ntdrivers-simplified/floppy_simpl3.cil-1.c
6.0,cfiles32/ntdrivers-simplified/floppy_simpl3.cil-2.c
6.0,cfiles32/ntdrivers-simplified/kbfiltr_simpl2.cil-1.c
6.0,cfiles32/ntdrivers/diskperf.i.cil-1.c
6.0,cfiles32/openssl-simplified/s3_clnt_2.cil-1.c
6.0,cfiles32/openssl-simplified/s3_clnt_3.cil-3.c
6.0,cfiles32/openssl-simplified/s3_srvr_8.cil.c
6.0,cfiles32/openssl/s3_srvr.blast.07.i.cil-1.c
6.0,cfiles32/openssl/s3_srvr.blast.09.i.cil-1.c
6.0,cfiles32/openssl/s3_srvr.blast.15.i.cil-2.c
8.0,cfiles32/product-lines/elevator_spec1_product01.cil.c
8.0,cfiles32/product-lines/email_spec0_product05.cil.c
8.0,cfiles32/product-lines/email_spec11_product07.cil.c
3.0,cfiles32/psyco/psyco_abp_1-1.c
3.0,cfiles32/psyco/psyco_abp_1-2.c
3.0,cfiles32/psyco/psyco_abp_1-3.c
,cfiles32/recursive-simple/fibo_10-2.c
,cfiles32/recursive-simple/fibo_2calls_10-1.c
,cfiles32/recursive-simple/fibo_2calls_6-1.c
,cfiles32/recursive-simple/fibo_5-1.c
,cfiles32/recursive-simple/id_i20_o20-1.c
,cfiles32/recursive-simple/id_i25_o25-1.c
,cfiles32/recursive-with-pointer/system-with-recursion.i
,cfiles32/seq-mthreaded/pals_STARTPALS_ActiveStandby.5.ufo.BOUNDED-10.pals.c
,cfiles32/seq-mthreaded/pals_STARTPALS_Triplicated.1.ufo.UNBOUNDED.pals.c
,cfiles32/seq-mthreaded/pals_STARTPALS_Triplicated.ufo.BOUNDED-10.pals.c
,cfiles32/seq-mthreaded/pals_STARTPALS_Triplicated.ufo.UNBOUNDED.pals.c
,cfiles32/seq-mthreaded/pals_lcr-var-start-time.5.2.ufo.BOUNDED-10.pals.c
,cfiles32/seq-mthreaded/pals_lcr-var-start-time.5.2.ufo.UNBOUNDED.pals.c
,cfiles32/seq-mthreaded/pals_lcr-var-start-time.5.ufo.BOUNDED-10.pals.c
,cfiles32/seq-mthreaded/pals_lcr.3.ufo.BOUNDED-6.pals.c
,cfiles32/seq-mthreaded/pals_lcr.4.1.ufo.BOUNDED-8.pals.c
,cfiles32/seq-mthreaded/pals_lcr.6.1.ufo.BOUNDED-12.pals.c
,cfiles32/seq-mthreaded/pals_lcr.6.1.ufo.UNBOUNDED.pals.c
,cfiles32/seq-mthreaded/pals_lcr.8.1.ufo.BOUNDED-16.pals.c
,cfiles32/seq-mthreaded/pals_lcr.8.1.ufo.UNBOUNDED.pals.c
,cfiles32/seq-mthreaded/pals_lcr.8_overflow.ufo.UNBOUNDED.pals.c
,cfiles32/seq-mthreaded/pals_opt-floodmax.3.1.ufo.BOUNDED-6.pals.c
,cfiles32/seq-mthreaded/pals_opt-floodmax.4.1.ufo.BOUNDED-8.pals.c
,cfiles32/seq-pthread/cs_fib-1.i
,cfiles32/seq-pthread/cs_fib_longer-1.i
,cfiles32/seq-pthread/cs_fib_longer-2.i
,cfiles32/seq-pthread/cs_lamport.i
,cfiles32/seq-pthread/cs_lazy.i
,cfiles32/seq-pthread/cs_stateful-1.i
,cfiles32/seq-pthread/cs_stateful-2.i
,cfiles32/seq-pthread/cs_time_var_mutex.i
,cfiles32/systemc/mem_slave_tlm.5.cil.c
,cfiles32/systemc/pc_sfifo_3.cil.c
,cfiles32/systemc/token_ring.02.cil-1.c
,cfiles32/systemc/token_ring.04.cil-2.c
,cfiles32/systemc/token_ring.06.cil-1.c
9.0,cfiles32/xcsp/AllInterval-005.c
9.0,cfiles32/xcsp/AllInterval-006.c
9.0,cfiles32/xcsp/AllInterval-008.c
9.0,cfiles32/xcsp/AllInterval-009.c
9.0,cfiles32/xcsp/AllInterval-010.c
9.0,cfiles32/xcsp/AllInterval-011.c
9.0,cfiles32/xcsp/AllInterval-012.c
9.0,cfiles32/xcsp/AllInterval-014.c
9.0,cfiles32/xcsp/AllInterval-015.c
9.0,cfiles32/xcsp/AllInterval-018.c
9.0,cfiles32/xcsp/AllInterval-019.c
9.0,cfiles32/xcsp/AllInterval-030.c
9.0,cfiles32/xcsp/CostasArray-10.c
9.0,cfiles32/xcsp/CostasArray-15.c
9.0,cfiles32/xcsp/CostasArray-17.c
9.0,cfiles32/xcsp/Dubois-015.c
9.0,cfiles32/xcsp/Dubois-016.c
9.0,cfiles32/xcsp/Dubois-021.c
9.0,cfiles32/xcsp/Dubois-023.c
9.0,cfiles32/xcsp/Dubois-024.c
9.0,cfiles32/xcsp/Dubois-030.c
9.0,cfiles32/xcsp/Dubois-040.c
9.0,cfiles32/xcsp/Dubois-065.c
9.0,cfiles32/xcsp/Dubois-090.c
9.0,cfiles32/xcsp/Haystacks-06.c
9.0,cfiles32/xcsp/Haystacks-10.c
9.0,cfiles32/xcsp/Haystacks-13.c
9.0,cfiles32/xcsp/Haystacks-16.c
9.0,cfiles32/xcsp/Haystacks-18.c
9.0,cfiles32/xcsp/Haystacks-19.c
9.0,cfiles32/xcsp/aim-100-2-0-sat-2.c
9.0,cfiles32/xcsp/aim-100-2-0-unsat-1.c
9.0,cfiles32/xcsp/aim-100-2-0-unsat-3.c
9.0,cfiles32/xcsp/aim-100-3-4-sat-4.c
9.0,cfiles32/xcsp/aim-200-1-6-sat-3.c
