program_name,branch_coverage,time_difference
/home/administrator/Desktop/exp500_new/cfiles32/float-benchs/sqrt_biNewton_pseudoconstant.c,20.0%,-1.0
/home/administrator/Desktop/exp500_new/cfiles32/float-newlib/double_req_bl_0660b.c,1.41%,-1.0
/home/administrator/Desktop/exp500_new/cfiles32/float-newlib/double_req_bl_0876.c,8.2%,-1.0
/home/administrator/Desktop/exp500_new/cfiles32/float-newlib/float_req_bl_0660a.c,12.86%,-1.0
/home/administrator/Desktop/exp500_new/cfiles32/float-newlib/float_req_bl_0661b.c,1.43%,-1.0
/home/administrator/Desktop/exp500_new/cfiles32/floats-esbmc-regression/digits_for.c,75.0%,-1.0
/home/administrator/Desktop/exp500_new/cfiles32/floats-esbmc-regression/Double_div.i.p+cfa-reducer.c,75.0%,-1.0
/home/administrator/Desktop/exp500_new/cfiles32/ldv-regression/test02.c,50.0%,-1.0
/home/administrator/Desktop/exp500_new/cfiles32/ldv-regression/test10.c,50.0%,-1.0
/home/administrator/Desktop/exp500_new/cfiles32/ldv-regression/test22-2.c,87.5%,0.2960000038146972
/home/administrator/Desktop/exp500_new/cfiles32/ldv-regression/test_union.c_1.i,50.0%,-1.0
/home/administrator/Desktop/exp500_new/cfiles32/locks/test_locks_10.c,50.79%,-1.0
/home/administrator/Desktop/exp500_new/cfiles32/locks/test_locks_12.c,50.67%,-1.0
/home/administrator/Desktop/exp500_new/cfiles32/locks/test_locks_13.c,50.62%,-1.0
/home/administrator/Desktop/exp500_new/cfiles32/locks/test_locks_14-1.c,50.57%,-1.0
/home/administrator/Desktop/exp500_new/cfiles32/loop-acceleration/array_1-2.c,75.0%,-1.0
/home/administrator/Desktop/exp500_new/cfiles32/loop-acceleration/diamond_1-2.c,66.67%,-1.0
/home/administrator/Desktop/exp500_new/cfiles32/loop-acceleration/simple_1-2_abstracted.c,50.0%,-1.0
/home/administrator/Desktop/exp500_new/cfiles32/loop-acceleration/simple_4-1.c,75.0%,-1.0
/home/administrator/Desktop/exp500_new/cfiles32/loop-crafted/simple_array_index_value_1-1.i,77.78%,-1.0
/home/administrator/Desktop/exp500_new/cfiles32/loop-crafted/simple_array_index_value_1-2.i,44.44%,-1.0
/home/administrator/Desktop/exp500_new/cfiles32/loop-crafted/simple_array_index_value_3.i,55.56%,-1.0
/home/administrator/Desktop/exp500_new/cfiles32/loop-crafted/simple_array_index_value_4.i.v+nlh-reducer.c,3.12%,603.0359811782837
/home/administrator/Desktop/exp500_new/cfiles32/loop-floats-scientific-comp/loop1-1.c,37.5%,-1.0
/home/administrator/Desktop/exp500_new/cfiles32/loop-floats-scientific-comp/loop1-2.c,25.0%,-1.0
/home/administrator/Desktop/exp500_new/cfiles32/loop-floats-scientific-comp/loop2-2.c,80.0%,-1.0
/home/administrator/Desktop/exp500_new/cfiles32/loop-floats-scientific-comp/loop3.c,40.0%,-1.0
/home/administrator/Desktop/exp500_new/cfiles32/loop-industry-pattern/aiob_4.c.v+lh-reducer.c,9.09%,-1.0
/home/administrator/Desktop/exp500_new/cfiles32/loop-industry-pattern/mod3.c.v+cfa-reducer.c,41.67%,-1.0
/home/administrator/Desktop/exp500_new/cfiles32/loop-industry-pattern/mod3.c.v+sep-reducer.c,45.0%,-1.0
/home/administrator/Desktop/exp500_new/cfiles32/loop-industry-pattern/ofuf_3.c,1.39%,-1.0
/home/administrator/Desktop/exp500_new/cfiles32/loop-invariants/bin-suffix-5.c,25.0%,-1.0
/home/administrator/Desktop/exp500_new/cfiles32/loop-invariants/linear-inequality-inv-a.c,12.5%,-1.0
/home/administrator/Desktop/exp500_new/cfiles32/loop-invariants/mod4.c,25.0%,-1.0
/home/administrator/Desktop/exp500_new/cfiles32/loop-invgen/fragtest_simple.i,73.33%,-1.0
/home/administrator/Desktop/exp500_new/cfiles32/loop-invgen/nest-if3.i,64.71%,-1.0
/home/administrator/Desktop/exp500_new/cfiles32/loop-invgen/sendmail-close-angle.i,40.0%,-1.0
/home/administrator/Desktop/exp500_new/cfiles32/loop-lit/gcnr2008.i,38.46%,-1.0
/home/administrator/Desktop/exp500_new/cfiles32/loop-lit/hhk2008.i,54.55%,-1.0
/home/administrator/Desktop/exp500_new/cfiles32/loop-lit/mine2017-ex4.10.i,60.0%,-1.0
/home/administrator/Desktop/exp500_new/cfiles32/loop-lit/mine2017-ex4.7.i,11.11%,-1.0
/home/administrator/Desktop/exp500_new/cfiles32/loop-new/count_by_1.i,42.86%,-1.0
/home/administrator/Desktop/exp500_new/cfiles32/loop-new/count_by_2.i,42.86%,-1.0
/home/administrator/Desktop/exp500_new/cfiles32/loop-new/half.i,63.64%,-1.0
/home/administrator/Desktop/exp500_new/cfiles32/loop-new/nested-1.i,7.69%,-1.0
/home/administrator/Desktop/exp500_new/cfiles32/loop-simple/nested_2.c,83.33%,-1.0
/home/administrator/Desktop/exp500_new/cfiles32/loop-simple/nested_3.c,87.5%,-1.0
